{
  "id": "hdfullse",
  "name": "HdFullSePRUEBA",
  "thumbnail": "hdfullse.jpg",

  "active": true,

  "searchable": true,
  "search_types": ["all", "movie", "tvshow"],

  "categories": [ "movie", "tvshow" ],
  "language": ["cast", "lat", "vose"],

  "clusters": ["news", "rankings", "years", "stars", "directors", "kids", "docs", "vos"],

  "notes": "Películas y series, por géneros, año, Series, últimos episodios, etc. Puede requerir el uso de proxies en función del país/operadora desde el que se accede."
}