{
  "id": "hdfull",
  "name": "HdFullPRUEBA",
  "thumbnail": "hdfull.png",

  "active": true,

  "searchable": true,
  "search_types": ["all", "movie", "tvshow"],

  "categories": [ "movie", "tvshow" ],
  "language": ["cast", "lat", "vose"],

  "clusters": ["register", "news", "rankings", "lists", "lasts", "stars", "directors", "kids", "docs", "vos"],

  "notes": "Películas y series, por géneros, últimos etc. Dispone de varios posibles dominios. Puede requerir el uso de proxies en función del país/operadora desde el que se accede."
}